1,Изв. Геол. ком.,Журнал,Известия Геологического комитета,6,2013-10-16 16:18:57
2,Изв. АН СССР. Сер. геол.,Журнал,,6,2013-10-16 16:18:15
42,Episodes,Журнал,,6,2013-06-26 15:58:02
4,Berich. geol. Ges.,Журнал,Berichte der geologischen Gesellschaft,6,2013-06-26 16:00:45
5,Proc Geol. Soc. London,Журнал,Proceedings of the Geological Society of London,6,2013-05-23 11:51:57
6,American Mineralogist,Журнал,,6,2012-11-14 11:49:21
7,Proc. Geol. Soc. Am.,,Proceedings of the Geological Society of America,6,2012-11-14 12:19:19
9,Вестник Европы,Журнал,,6,2012-11-14 12:59:47
10,ИстГео,Прочее,Группа истории геологии ГИН РАН,6,2015-08-05 10:43:50
11,Quart. Journ. Geol. Soc. London,Журнал,Quarterly Journal of the Geological Society of London,6,2012-11-14 13:22:59
12,Зап. ВМО,Журнал,Записки Всесоюзного минералогического общества,6,2013-06-26 16:03:16
13,Зап. Новорос. об-ва естествоисп.,Журнал,,6,2012-11-15 15:10:50
14,Проблемы литологии и геохимии осадочных пород и руд: К 75-летию акад. Н.М. Страхова,Сборник,"М.: Наука, 1975. 342 с.",1,2016-04-11 13:34:27
15,Изв. ОЛЕАЭ,Журнал,Известия Общества любителей естествознани,6,2012-11-27 11:38:12
3,Nat. acad. sci. USA: Biogr. mem.,Прочее,Biographical Memoirs of the National Academy of Sciences,6,2013-06-26 15:57:36
17,Природа,Журнал,,6,2012-12-01 16:21:54
18,Зап. СПб. минерал. об-ва,Журнал,Записки Императорского Санкт-Петербургского минералогического общества,6,2013-06-26 16:08:16
19,Избр. труды,Сборник,,6,2012-12-01 16:38:23
20,Изв. АН АрмССР. Науки о Земле,Журнал,,6,2014-10-21 17:37:19
21,Вечерний Новосибирск,Газета,,6,2012-12-20 15:44:32
22,Z. geol. Wiss.,Журнал,,6,2012-12-20 16:55:08
23,Вестн. УрО РАН,Журнал,,6,2012-12-25 13:16:23
24,Изв. РГО,Журнал,Известия Императорского Русского географического общества,6,2013-02-22 17:25:47
25,Исторический архив,Прочее,,6,2013-02-22 17:34:50
27,Русский биографический словарь,,,6,2013-03-20 12:57:15
29,Литология и полезные ископаемые,Журнал,,6,2013-03-25 11:45:24
30,Нефтяное и сланцевое хозяйство,,,6,2013-03-26 16:46:11
31,Вестн. РАН,,Вестник РАН,6,2013-05-20 12:44:49
32,Вестн. АН СССР,Журнал,Вестник АН СССР,6,2013-05-21 15:59:37
33,Правда,Газета,,6,2013-05-23 10:57:04
34,Вечерняя Москва,Газета,,6,2013-05-23 10:58:51
35,Красноярский рабочий,Газета,,6,2013-05-23 11:00:56
36,Геол. вестник,Журнал,Геологический вестник,6,2013-05-23 11:10:58
37,Горн. промышленность,Журнал,Горная промышленность,6,2013-05-23 11:14:19
38,Кузбасс,Газета,,6,2013-05-23 11:17:29
39,Почвоведение,Журнал,,6,2013-05-23 11:19:23
40,Тр. Ин-та геол. АН ЭССР,,Труды Института геологии АН ЭССР,6,2013-05-23 11:24:08
41,Вестн. Госкомгеологии,Журнал,,6,2013-05-23 11:44:31
43,Mineral. Mag.,Журнал,Mineralogical Magazine,6,2014-02-20 13:05:15
44,ВИЕиТ,Журнал,Вопросы истории естествознания и техники,6,2013-07-10 17:39:14
45,Изв. вузов. Геология и разведка,"",,6,2014-02-20 13:04:22
46,"Юбил. сб., посвящ. 30-летию Великой Октябрьской революции.",Сборник,"Ч. 2. М.; Л.: Изд-во АН СССР, 1947. ",6,2013-10-16 12:51:50
47,Сов. молодежь,Газета,,6,2013-10-16 12:55:31
48,Известия,Газета,,6,2013-10-16 13:15:24
49,Сов. геология,Журнал,Советская геология,6,2013-10-16 15:45:52
50,Тр. Лабор. геологии докембрия,,,6,2013-10-16 15:47:36
52,Ежегодник по геологии и минералогии России,Журнал,,6,2013-10-22 14:30:55
53,Dtsch. Zent. Zeitung,Газета,"Deutsche Zentral Zeitung, Москва",6,2014-02-20 13:02:31
54,Газ. промышленность,Журнал,Ежемесячный научно-технический и производственный журнал «Газовая промышленность» издается с 1956 г.,6,2013-10-23 11:54:52
55,Бюлл. МОИП. Отд. геол.,,Бюллетень Московского общества испытателей природы. Отдел геологический.,6,2013-10-23 12:10:49
56,Проблемы минералогии и петрологии,,,6,2013-10-23 13:26:48
59,Наука Урала,Газета,Наука Урала. Еженедельная газета Уральского отделения АН СССР,6,2013-10-23 15:07:08
58,Красное знамя,Газета,Красное знамя. Коми АССР ,6,2013-10-23 14:17:01
60,Cas. mineral. geol.,Журнал,Casopis pro mineralogii a geologii,6,2014-02-20 13:03:24
61,8 съезд рус. естествоисп. и врачей,Труды конференции,VIII съезд русских естествоиспытателей и врачей в С.-Петербурге от 7 декабря 1889 г. до 7 января 1890 г.,6,2013-12-18 17:10:52
62,Унив. тип.,"Сборник,Прочее","Университетская типография, Москва",6,2013-12-18 18:23:16
63,Изв. Индустр. ин-та.,Журнал, Известия Индустриального института,6,2014-10-21 17:37:40
64,Изв. Екатериносл. горн. ин-та,Журнал,Известия Екатеринославского горного института,6,2013-12-18 18:50:36
65,Ворошиловградская правда,Газета,Ворошиловград (Луганск),6,2014-02-06 19:17:35
66,Хибиногорский рабочий,Газета,Хибиногорск (Кировск),6,2014-02-06 19:07:13
67,Сов. Россия,Газета,Советская Россия,6,2014-03-13 12:08:54
68,Jb. Preuß. Geol. Landensanst,Журнал,Jahrbuch Preußischen Geologischen Landensanst,6,2014-03-24 16:44:47
69,"Schweiz. Mineral., Petrogr. Mitt.",Журнал,Schweizerische mineralogische und petrographische Mitteilungen,6,2014-04-01 11:06:09
70,Почта,Прочее,"Министерство связи СССР, России: почтовые марки, конверты",6,2015-02-03 14:54:09
71,Горняцкая правда,Газета,Горняцкая правда. Ленинградский Горный институт.,6,2014-04-10 17:06:23
72,Вечерний Минск,Газета,,6,2014-06-19 11:21:30
73,Вечерний Ленинград,Газета,,6,2014-10-21 17:31:44
74,NZ Geochem. Group Newsl.,Журнал,New Zeland Geochemical Group Newsletter,6,2014-10-21 19:08:02
75,Дальневосточный ученый,Газета,Дальневосточный ученый. Дальневосточное отд. АН СССР,6,2014-10-21 19:13:36
76,Литературная газета,Газета,Литературная газета,6,2014-12-24 11:16:02
77,Отрывной календарь,Прочее,Отрывной календарь на год,6,2014-12-24 11:25:56
78,Сов. Сахалин,Газета,Советский Сахалин,6,2014-12-24 12:33:46
79,За науку в Сибири,Газета,За науку в Сибири,6,2014-12-24 12:51:27
80,Гласность,Газета,Гласность,6,2014-12-24 15:36:43
81,Спасение,Газета,Спасение,6,2014-12-24 16:12:14
82,Зеленый мир,Газета,Зеленый мир,6,2015-01-29 17:56:16
83,Leipziger Illustrierten Zeitung,Журнал,Leipziger Illustrierten Zeitung,6,2015-01-30 13:32:23
84,Российская газета,Газета,Российская газета - издание Правительства Российской Федерации,6,2015-02-03 15:06:05
85,Восточно-Сибирская правда,Газета,Восточно-Сибирская правда,6,2015-04-22 13:20:13
86,Магаданская правда,Газета,Магаданская правда,6,2015-04-22 13:30:13
87,Córdoba,Газета,Diario Córdoba,6,2015-07-03 14:23:32
88,Изв. вузов. Нефть и газ.,Журнал,Известия вузов. Нефть и газ.,6,2015-11-24 17:34:53
89,Московский университет,Газета,Московский университет,6,2015-11-24 17:45:28
90,Комс. правда,Газета,Комсомольская правда,6,2015-11-24 18:40:06
91,Ленингр. правда.,Газета,Ленинградская правда,6,2016-02-15 19:45:00
92,Наука в Сибири,,Издание СО РАН,6,2016-04-21 13:36:25
93,Российские недра,Газета,Российские недра. Газета Федерального агентства по недропользованию,6,2016-07-14 17:44:19
94,Моск. правда,Газета,Московская правда,6,2016-07-28 13:56:24
95,Архив ГИН РАН,Прочее,Архив Геологического института РАН,6,2016-10-19 13:53:33
96,Туркменская искра,Газета,Туркменская искра,6,2016-11-16 12:24:52
97,Сборник С.-Петербургского Минералогического общества,Сборник,"Сборник издан Императорским С.-Петербургским Минералогическим обществом, в память пятидесятилетия его существования, 7 января 1867 г. СПб.: тип. ИАН, 1867.",6,2016-11-17 19:28:55
98,Горн. журнал,Журнал,Горный журнал,6,2016-12-16 13:32:01
99,Коммунист,Газета,"Газета ""Коммунист"", г. Ереван. Печатный орган ЦК КП Армении, Верховного Совета и Совета Министров Армянской ССР.",6,2017-03-17 20:55:14
100,Молодёжь Севера,Газета,Молодёжь Севера. Орган Коми обкома ВЛКСМ,6,2017-03-22 18:39:22
101,Изв. Науч.-эксперим. торф. ин-та,,Известия Научно-экспериментального торфяного института,6,2017-04-19 16:27:03
28,Разведчик недр,Газета,Газета Разведчик недр издается с марта 1957 года в МГРИ. ,6,2017-10-25 15:21:13
103,Разведка недр,Журнал,Разведка недр. Издаётся с 1931 г. Главным геолого-разведочным управлением.,6,2017-10-25 15:20:52
104,Материалы гляциол. исслед.,Журнал,Материалы гляциологических исследований,6,2018-05-07 13:27:48
105,Архив РАН,Прочее,Архив АН СССР / РАН,6,2018-06-01 14:31:30
106,Геотектоника,Журнал,Журнал Геотектоника ГИН АН СССР / РАН,6,2018-09-05 12:41:24
107,Gentleman's magazine,Журнал,"The Gentleman's magazine and historical review, Великобритания XIX век",6,2018-12-04 15:12:49
108,Вопросы теоретической и прикладной геологии,Сборник,Вопросы теоретической и прикладной геологии. Ежегодный сборник. Москва: МГРИ,6,2018-12-04 15:50:04
109,Сов. спорт,Газета,Советский спорт,6,2019-01-31 16:02:59
110,Beitr. Pal. Geol. Öster.,Журнал,Beiträge zur Paläontologie und Geologie Österreich-Ungarns und des Orients: Mitteilungen des Geologischen und Paläontologischen Institutes der Universität Wien,6,2019-02-20 18:22:48
